Meta Urges California Attorney General to Stop OpenAI From Becoming For-Profit,https://finance.yahoo.com/m/2bc3f1e3-154d-3028-a9f2-003afc14deca/meta-urges-california.html?.tsrc=rss,"Sat, 14 Dec 2024 01:32:00 +0000"
These factors could drive the auto industry in 2025: CarGurus analyst,https://finance.yahoo.com/video/factors-could-drive-auto-industry-223048671.html?.tsrc=rss,"Fri, 13 Dec 2024 22:30:48 +0000"
"OpenAI hits back at Elon Musk lawsuit, says he suggested for-profit entity",https://www.foxbusiness.com/technology/openai-hits-back-elon-musk-lawsuit-says-he-suggested-for-profit-entity?.tsrc=rss,"Fri, 13 Dec 2024 22:07:50 +0000"
Judge clears way for Musk appeal to try to restore $56 billion Tesla pay,https://finance.yahoo.com/news/judge-clears-way-musk-appeal-220605996.html?.tsrc=rss,"Fri, 13 Dec 2024 22:06:05 +0000"
"Market streaks, Magnificent 7 dominance, gold: Market Takeaways",https://finance.yahoo.com/video/market-streaks-magnificent-7-dominance-215817996.html?.tsrc=rss,"Fri, 13 Dec 2024 21:58:17 +0000"
Magnificent Seven Stocks: Nvidia Stock Sells Off; Tesla Rallies To New High,https://finance.yahoo.com/m/4205eaa9-f620-3a0b-a81a-0e82c7c9fd0b/magnificent-seven-stocks%3A.html?.tsrc=rss,"Fri, 13 Dec 2024 21:22:42 +0000"
Tesla stock pops as Trump may drop AV crash report rules: Reuters,https://finance.yahoo.com/video/tesla-stock-pops-trump-may-211320808.html?.tsrc=rss,"Fri, 13 Dec 2024 21:13:20 +0000"
Tesla stock rides Trump effect to all-time highs,https://finance.yahoo.com/news/tesla-stock-rides-trump-effect-to-all-time-highs-211226765.html?.tsrc=rss,"Fri, 13 Dec 2024 21:12:26 +0000"
Is Tesla Stock A Buy Or A Sell As It Hits Record High Amid 70% 'Trump Bump'?,https://finance.yahoo.com/m/7ba4c6e9-e00c-3c14-a4f5-caaf8dfbc5b9/is-tesla-stock-a-buy-or-a.html?.tsrc=rss,"Fri, 13 Dec 2024 21:06:12 +0000"
Tesla's Meteoric Rise: Why $1K a Share Isn't So Crazy,https://finance.yahoo.com/news/teslas-meteoric-rise-why-1k-191500862.html?.tsrc=rss,"Fri, 13 Dec 2024 19:15:00 +0000"
Fee War Kicks Off for One of Wall Street’s Hottest ETF Trades,https://finance.yahoo.com/news/fee-war-kicks-off-one-191104618.html?.tsrc=rss,"Fri, 13 Dec 2024 19:11:04 +0000"
Tesla Reaches New Highs Amid SEC Probe into Musk's Twitter Dealings,https://finance.yahoo.com/news/tesla-reaches-highs-amid-sec-183635180.html?.tsrc=rss,"Fri, 13 Dec 2024 18:36:35 +0000"
Tesla Poised to Gain as Government Considers Easing Self-Driving Reporting Rules,https://finance.yahoo.com/news/tesla-poised-gain-government-considers-182430471.html?.tsrc=rss,"Fri, 13 Dec 2024 18:24:30 +0000"
Tesla (TSLA) Named Top 2025 Pick by Morgan Stanley: AI and Renewable Energy Drive Investor Enthusiasm,https://finance.yahoo.com/news/tesla-tsla-named-top-2025-170323626.html?.tsrc=rss,"Fri, 13 Dec 2024 17:03:23 +0000"
"Musk Ups SEC Feud Over Neuralink Probe, Twitter Claims",https://finance.yahoo.com/news/musk-ups-sec-feud-posting-025048855.html?.tsrc=rss,"Fri, 13 Dec 2024 17:02:26 +0000"
"Bill Gates Won't Go Bankrupt for Shorting Tesla, Here's The Calculation",https://finance.yahoo.com/news/bill-gates-wont-bankrupt-shorting-164028484.html?.tsrc=rss,"Fri, 13 Dec 2024 16:40:28 +0000"
Moldova declares state of emergency over fears Russian gas flows via Ukraine will stop,https://www.cnbc.com/2024/12/13/moldova-declares-state-of-emergency-over-expected-halt-to-russian-gas.html,"Fri, 13 Dec 2024 13:02:59 GMT"
CNBC Daily Open: Political uncertainty intensifies over the weekend,https://www.cnbc.com/2024/12/09/cnbc-daily-open-political-uncertainty-intensifies-over-the-weekend-.html,"Mon, 09 Dec 2024 07:30:01 GMT"
"CNBC Daily Open: Bitcoin dances close to $100,000 — but strategists are divided on its prospects",https://www.cnbc.com/2024/11/29/cnbc-daily-open-bitcoin-near-100000-but-strategists-are-divided.html,"Fri, 29 Nov 2024 07:30:01 GMT"
"CNBC Daily Open: Bitcoin dances close to $100,000 — and strategists are split on its ascent",https://www.cnbc.com/2024/11/29/cnbc-daily-open-bitcoin-nears-100000-but-strategists-are-split-.html,"Fri, 29 Nov 2024 05:23:49 GMT"
The shipping industry is wrestling with one of its biggest challenges — seafarer shortages,https://www.cnbc.com/2024/11/27/the-shipping-industry-is-wrestling-with-one-of-its-largest-challenges.html,"Fri, 06 Dec 2024 01:06:13 GMT"
Russian food prices are soaring — but no one dares blame Putin and the war,https://www.cnbc.com/2024/11/25/russias-inflation-is-so-bad-that-people-are-stealing-butter.html,"Mon, 25 Nov 2024 14:49:39 GMT"
U.S. closes embassy in Kyiv over potential 'significant' air attack as tensions with Russia soar,https://www.cnbc.com/2024/11/20/us-closes-embassy-in-kyiv-warning-of-potential-air-attack.html,"Wed, 20 Nov 2024 17:27:34 GMT"
CNBC Daily Open: Investors prioritize Nvidia’s earnings over geopolitical risks,https://www.cnbc.com/2024/11/20/cnbc-daily-open-investors-prioritize-nvidias-earnings-over-risks-.html,"Wed, 20 Nov 2024 07:30:01 GMT"
CNBC Daily Open: Anticipation over Nvidia’s earnings overshadows geopolitical risks,https://www.cnbc.com/2024/11/20/cnbc-daily-open-anticipation-over-nvidia-overshadow-geopolitical-risk.html,"Wed, 20 Nov 2024 02:33:21 GMT"
Bitcoin rises to a new record as investors absorb growing Ukraine-Russia tensions,https://www.cnbc.com/2024/11/19/crypto-market-today.html,"Tue, 19 Nov 2024 21:15:35 GMT"
"Russia says Ukraine attacked it using U.S. long-range missiles, signals it's ready for nuclear response",https://www.cnbc.com/2024/11/19/russia-says-ukraine-attacked-it-using-us-made-missiles.html,"Tue, 19 Nov 2024 16:18:45 GMT"
"Crude oil prices steady after Ukraine hits Russia with U.S.-made, longer-range missiles",https://www.cnbc.com/2024/11/19/oil-prices-today.html,"Tue, 19 Nov 2024 20:41:25 GMT"
5 things to know before the stock market opens Tuesday,https://www.cnbc.com/2024/11/19/5-things-to-know-before-the-stock-market-opens-tuesday.html,"Tue, 19 Nov 2024 12:50:12 GMT"
Russia-U.S. tensions briefly hit global markets as Putin lowers the threshold for a nuclear strike,https://www.cnbc.com/2024/11/19/russia-us-tensions-hit-global-markets-as-putin-lowers-the-threshold-for-a-nuclear-strike.html,"Tue, 19 Nov 2024 21:29:21 GMT"
Russia warns U.S. is adding fuel to fire with long-range missile decision,https://www.cnbc.com/2024/11/18/russia-warns-us-is-adding-fuel-to-fire-with-long-range-missile-decision.html,"Tue, 19 Nov 2024 07:16:24 GMT"
The U.S. election is a make-or-break moment for aid to Ukraine,https://www.cnbc.com/2024/11/05/us-election-is-a-make-or-break-moment-for-ukraine-and-future-aid.html,"Tue, 05 Nov 2024 17:03:37 GMT"
Election win for Russia-friendly party in Georgia sets the stage for protests and possible violence,https://www.cnbc.com/2024/10/28/mass-protests-expected-in-georgia-after-georgian-dream-claims-victory.html,"Mon, 28 Oct 2024 11:36:35 GMT"
"South and North Korea troops potentially entering Ukraine war unlikely to stoke regional conflict, analysts say",https://www.cnbc.com/2024/10/25/russia-ukraine-drawing-south-and-north-korea-troops-unlikely-to-spike-regional-conflict.html,"Fri, 25 Oct 2024 13:33:39 GMT"
"A 'tidal wave' of natural gas supply — the biggest yet — will reshape global markets, says RBC Capital",https://www.cnbc.com/2024/10/23/a-tidal-wave-of-lng-supply-will-reshape-global-markets-says-rbc-capital.html,"Thu, 24 Oct 2024 08:41:02 GMT"
Meta Urges California Attorney General to Stop OpenAI From Becoming For-Profit,https://finance.yahoo.com/m/2bc3f1e3-154d-3028-a9f2-003afc14deca/meta-urges-california.html?.tsrc=rss,"Sat, 14 Dec 2024 01:32:00 +0000"
These factors could drive the auto industry in 2025: CarGurus analyst,https://finance.yahoo.com/video/factors-could-drive-auto-industry-223048671.html?.tsrc=rss,"Fri, 13 Dec 2024 22:30:48 +0000"
"OpenAI hits back at Elon Musk lawsuit, says he suggested for-profit entity",https://www.foxbusiness.com/technology/openai-hits-back-elon-musk-lawsuit-says-he-suggested-for-profit-entity?.tsrc=rss,"Fri, 13 Dec 2024 22:07:50 +0000"
Judge clears way for Musk appeal to try to restore $56 billion Tesla pay,https://finance.yahoo.com/news/judge-clears-way-musk-appeal-220605996.html?.tsrc=rss,"Fri, 13 Dec 2024 22:06:05 +0000"
"Market streaks, Magnificent 7 dominance, gold: Market Takeaways",https://finance.yahoo.com/video/market-streaks-magnificent-7-dominance-215817996.html?.tsrc=rss,"Fri, 13 Dec 2024 21:58:17 +0000"
Magnificent Seven Stocks: Nvidia Stock Sells Off; Tesla Rallies To New High,https://finance.yahoo.com/m/4205eaa9-f620-3a0b-a81a-0e82c7c9fd0b/magnificent-seven-stocks%3A.html?.tsrc=rss,"Fri, 13 Dec 2024 21:22:42 +0000"
Is Rivian Stock A Buy Or A Sell Amid 40% Rally Since $6.6 Billion Government Loan?,https://finance.yahoo.com/m/266505ad-eab7-3ed6-8eba-7ebf32da2e4c/is-rivian-stock-a-buy-or-a.html?.tsrc=rss,"Fri, 13 Dec 2024 21:14:36 +0000"
Tesla stock pops as Trump may drop AV crash report rules: Reuters,https://finance.yahoo.com/video/tesla-stock-pops-trump-may-211320808.html?.tsrc=rss,"Fri, 13 Dec 2024 21:13:20 +0000"
Tesla stock rides Trump effect to all-time highs,https://finance.yahoo.com/news/tesla-stock-rides-trump-effect-to-all-time-highs-211226765.html?.tsrc=rss,"Fri, 13 Dec 2024 21:12:26 +0000"
Is Tesla Stock A Buy Or A Sell As It Hits Record High Amid 70% 'Trump Bump'?,https://finance.yahoo.com/m/7ba4c6e9-e00c-3c14-a4f5-caaf8dfbc5b9/is-tesla-stock-a-buy-or-a.html?.tsrc=rss,"Fri, 13 Dec 2024 21:06:12 +0000"
Musk Euphoria Benefits Funds,https://finance.yahoo.com/video/musk-euphoria-benefits-funds-204329682.html?.tsrc=rss,"Fri, 13 Dec 2024 20:43:29 +0000"
Tesla's Meteoric Rise: Why $1K a Share Isn't So Crazy,https://finance.yahoo.com/news/teslas-meteoric-rise-why-1k-191500862.html?.tsrc=rss,"Fri, 13 Dec 2024 19:15:00 +0000"
Fee War Kicks Off for One of Wall Street’s Hottest ETF Trades,https://finance.yahoo.com/news/fee-war-kicks-off-one-191104618.html?.tsrc=rss,"Fri, 13 Dec 2024 19:11:04 +0000"
Tesla Reaches New Highs Amid SEC Probe into Musk's Twitter Dealings,https://finance.yahoo.com/news/tesla-reaches-highs-amid-sec-183635180.html?.tsrc=rss,"Fri, 13 Dec 2024 18:36:35 +0000"
Tesla Poised to Gain as Government Considers Easing Self-Driving Reporting Rules,https://finance.yahoo.com/news/tesla-poised-gain-government-considers-182430471.html?.tsrc=rss,"Fri, 13 Dec 2024 18:24:30 +0000"
Alphabet and 9 More Stocks to Buy for 2025,https://finance.yahoo.com/m/e1f57ceb-2362-3998-a012-2bc31369581f/alphabet-and-9-more-stocks-to.html?.tsrc=rss,"Fri, 13 Dec 2024 17:24:00 +0000"
Tesla (TSLA) Named Top 2025 Pick by Morgan Stanley: AI and Renewable Energy Drive Investor Enthusiasm,https://finance.yahoo.com/news/tesla-tsla-named-top-2025-170323626.html?.tsrc=rss,"Fri, 13 Dec 2024 17:03:23 +0000"
Musk says US is demanding he pay penalty over disclosures of his Twitter stock purchases,https://finance.yahoo.com/news/musk-says-us-demanding-pay-170227719.html?.tsrc=rss,"Fri, 13 Dec 2024 17:02:27 +0000"
"Musk Ups SEC Feud Over Neuralink Probe, Twitter Claims",https://finance.yahoo.com/news/musk-ups-sec-feud-posting-025048855.html?.tsrc=rss,"Fri, 13 Dec 2024 17:02:26 +0000"
"Bill Gates Won't Go Bankrupt for Shorting Tesla, Here's The Calculation",https://finance.yahoo.com/news/bill-gates-wont-bankrupt-shorting-164028484.html?.tsrc=rss,"Fri, 13 Dec 2024 16:40:28 +0000"
Moldova declares state of emergency over fears Russian gas flows via Ukraine will stop,https://www.cnbc.com/2024/12/13/moldova-declares-state-of-emergency-over-expected-halt-to-russian-gas.html,"Fri, 13 Dec 2024 13:02:59 GMT"
"From Trump and Turkey, to Russia and Iran — Syria's regime change has huge global consequences",https://www.cnbc.com/2024/12/09/who-are-the-winners-and-losers-from-syrias-crisis.html,"Mon, 09 Dec 2024 12:42:03 GMT"
CNBC Daily Open: Political uncertainty intensifies over the weekend,https://www.cnbc.com/2024/12/09/cnbc-daily-open-political-uncertainty-intensifies-over-the-weekend-.html,"Mon, 09 Dec 2024 07:30:01 GMT"
Oil prices little changed after OPEC+ delays production increase,https://www.cnbc.com/2024/12/05/oil-prices-little-changed-after-opec-members-delay-production-increase-until-april.html,"Thu, 05 Dec 2024 20:45:38 GMT"
"CNBC Daily Open: Bitcoin dances close to $100,000 — but strategists are divided on its prospects",https://www.cnbc.com/2024/11/29/cnbc-daily-open-bitcoin-near-100000-but-strategists-are-divided.html,"Fri, 29 Nov 2024 07:30:01 GMT"
"CNBC Daily Open: Bitcoin dances close to $100,000 — and strategists are split on its ascent",https://www.cnbc.com/2024/11/29/cnbc-daily-open-bitcoin-nears-100000-but-strategists-are-split-.html,"Fri, 29 Nov 2024 05:23:49 GMT"
"Russia tries to stem panic over the plummeting ruble, as the central bank is forced to intervene",https://www.cnbc.com/2024/11/28/russia-tries-to-stem-panic-over-plummeting-ruble-central-bank-steps-in.html,"Thu, 12 Dec 2024 12:56:50 GMT"
The shipping industry is wrestling with one of its biggest challenges — seafarer shortages,https://www.cnbc.com/2024/11/27/the-shipping-industry-is-wrestling-with-one-of-its-largest-challenges.html,"Fri, 06 Dec 2024 01:06:13 GMT"
Russian food prices are soaring — but no one dares blame Putin and the war,https://www.cnbc.com/2024/11/25/russias-inflation-is-so-bad-that-people-are-stealing-butter.html,"Mon, 25 Nov 2024 14:49:39 GMT"
U.S. closes embassy in Kyiv over potential 'significant' air attack as tensions with Russia soar,https://www.cnbc.com/2024/11/20/us-closes-embassy-in-kyiv-warning-of-potential-air-attack.html,"Wed, 20 Nov 2024 17:27:34 GMT"
CNBC Daily Open: Investors prioritize Nvidia’s earnings over geopolitical risks,https://www.cnbc.com/2024/11/20/cnbc-daily-open-investors-prioritize-nvidias-earnings-over-risks-.html,"Wed, 20 Nov 2024 07:30:01 GMT"
CNBC Daily Open: Anticipation over Nvidia’s earnings overshadows geopolitical risks,https://www.cnbc.com/2024/11/20/cnbc-daily-open-anticipation-over-nvidia-overshadow-geopolitical-risk.html,"Wed, 20 Nov 2024 02:33:21 GMT"
Bitcoin rises to a new record as investors absorb growing Ukraine-Russia tensions,https://www.cnbc.com/2024/11/19/crypto-market-today.html,"Tue, 19 Nov 2024 21:15:35 GMT"
"Russia says Ukraine attacked it using U.S. long-range missiles, signals it's ready for nuclear response",https://www.cnbc.com/2024/11/19/russia-says-ukraine-attacked-it-using-us-made-missiles.html,"Tue, 19 Nov 2024 16:18:45 GMT"
"Crude oil prices steady after Ukraine hits Russia with U.S.-made, longer-range missiles",https://www.cnbc.com/2024/11/19/oil-prices-today.html,"Tue, 19 Nov 2024 20:41:25 GMT"
5 things to know before the stock market opens Tuesday,https://www.cnbc.com/2024/11/19/5-things-to-know-before-the-stock-market-opens-tuesday.html,"Tue, 19 Nov 2024 12:50:12 GMT"
Russia-U.S. tensions briefly hit global markets as Putin lowers the threshold for a nuclear strike,https://www.cnbc.com/2024/11/19/russia-us-tensions-hit-global-markets-as-putin-lowers-the-threshold-for-a-nuclear-strike.html,"Tue, 19 Nov 2024 21:29:21 GMT"
Russia warns U.S. is adding fuel to fire with long-range missile decision,https://www.cnbc.com/2024/11/18/russia-warns-us-is-adding-fuel-to-fire-with-long-range-missile-decision.html,"Tue, 19 Nov 2024 07:16:24 GMT"
Russia's top brass look for U.S. reset as Putin keeps quiet — for now,https://www.cnbc.com/2024/11/06/kremlin-says-putin-has-no-plans-to-congratulate-trump-but-reset-touted.html,"Wed, 06 Nov 2024 12:02:40 GMT"
The U.S. election is a make-or-break moment for aid to Ukraine,https://www.cnbc.com/2024/11/05/us-election-is-a-make-or-break-moment-for-ukraine-and-future-aid.html,"Tue, 05 Nov 2024 17:03:37 GMT"
European leaders breathe a sigh of relief as pro-EU candidate wins Moldova election,https://www.cnbc.com/2024/11/04/pro-western-sandu-claims-victory-in-moldova-election.html,"Mon, 04 Nov 2024 09:42:55 GMT"
Election win for Russia-friendly party in Georgia sets the stage for protests and possible violence,https://www.cnbc.com/2024/10/28/mass-protests-expected-in-georgia-after-georgian-dream-claims-victory.html,"Mon, 28 Oct 2024 11:36:35 GMT"
Elon Musk's secret talks with Putin ramped up during his Twitter takeover: WSJ report,https://www.cnbc.com/2024/10/25/elon-musk-and-putin-talks-ramped-up-during-twitter-takeover-wsj.html,"Fri, 25 Oct 2024 23:44:01 GMT"
"South and North Korea troops potentially entering Ukraine war unlikely to stoke regional conflict, analysts say",https://www.cnbc.com/2024/10/25/russia-ukraine-drawing-south-and-north-korea-troops-unlikely-to-spike-regional-conflict.html,"Fri, 25 Oct 2024 13:33:39 GMT"
Georgia's election forces voters to choose between a future with Russia or Europe,https://www.cnbc.com/2024/10/25/georgias-election-sees-voters-choose-between-russia-or-europe.html,"Fri, 25 Oct 2024 05:38:52 GMT"
"China and Russia's 'profound' ties will not change despite 'turbulent' geopolitical landscape, Xi tells Putin",https://www.cnbc.com/2024/10/23/china-russia-ties-wont-change-despite-geopolitical-turbulence-xi.html,"Wed, 23 Oct 2024 05:44:58 GMT"
Russia says it has no intention of abandoning Iran as it faces Israel's wrath,https://www.cnbc.com/2024/10/23/russia-says-it-wont-abandon-iran-as-it-faces-israels-revenge.html,"Wed, 23 Oct 2024 13:27:46 GMT"
"A 'tidal wave' of natural gas supply — the biggest yet — will reshape global markets, says RBC Capital",https://www.cnbc.com/2024/10/23/a-tidal-wave-of-lng-supply-will-reshape-global-markets-says-rbc-capital.html,"Thu, 24 Oct 2024 08:41:02 GMT"
Russia pushes 'new world order' agenda as it hosts beefed-up BRICS summit,https://www.cnbc.com/2024/10/22/russia-hosts-brics-summit-pushes-new-world-order-agenda-to-rival-west.html,"Tue, 22 Oct 2024 12:01:30 GMT"
"Russia and Europe tussle for Moldova, as just over 50% vote 'yes' on future EU membership",https://www.cnbc.com/2024/10/21/moldovas-referendum-result-shows-division-over-countrys-future.html,"Mon, 21 Oct 2024 10:53:30 GMT"
Meta Urges California Attorney General to Stop OpenAI From Becoming For-Profit,https://finance.yahoo.com/m/2bc3f1e3-154d-3028-a9f2-003afc14deca/meta-urges-california.html?.tsrc=rss,"Sat, 14 Dec 2024 01:32:00 +0000"
These factors could drive the auto industry in 2025: CarGurus analyst,https://finance.yahoo.com/video/factors-could-drive-auto-industry-223048671.html?.tsrc=rss,"Fri, 13 Dec 2024 22:30:48 +0000"
"OpenAI hits back at Elon Musk lawsuit, says he suggested for-profit entity",https://www.foxbusiness.com/technology/openai-hits-back-elon-musk-lawsuit-says-he-suggested-for-profit-entity?.tsrc=rss,"Fri, 13 Dec 2024 22:07:50 +0000"
Judge clears way for Musk appeal to try to restore $56 billion Tesla pay,https://finance.yahoo.com/news/judge-clears-way-musk-appeal-220605996.html?.tsrc=rss,"Fri, 13 Dec 2024 22:06:05 +0000"
"Market streaks, Magnificent 7 dominance, gold: Market Takeaways",https://finance.yahoo.com/video/market-streaks-magnificent-7-dominance-215817996.html?.tsrc=rss,"Fri, 13 Dec 2024 21:58:17 +0000"
Magnificent Seven Stocks: Nvidia Stock Sells Off; Tesla Rallies To New High,https://finance.yahoo.com/m/4205eaa9-f620-3a0b-a81a-0e82c7c9fd0b/magnificent-seven-stocks%3A.html?.tsrc=rss,"Fri, 13 Dec 2024 21:22:42 +0000"
Is Rivian Stock A Buy Or A Sell Amid 40% Rally Since $6.6 Billion Government Loan?,https://finance.yahoo.com/m/266505ad-eab7-3ed6-8eba-7ebf32da2e4c/is-rivian-stock-a-buy-or-a.html?.tsrc=rss,"Fri, 13 Dec 2024 21:14:36 +0000"
Tesla stock pops as Trump may drop AV crash report rules: Reuters,https://finance.yahoo.com/video/tesla-stock-pops-trump-may-211320808.html?.tsrc=rss,"Fri, 13 Dec 2024 21:13:20 +0000"
Tesla stock rides Trump effect to all-time highs,https://finance.yahoo.com/news/tesla-stock-rides-trump-effect-to-all-time-highs-211226765.html?.tsrc=rss,"Fri, 13 Dec 2024 21:12:26 +0000"
Is Tesla Stock A Buy Or A Sell As It Hits Record High Amid 70% 'Trump Bump'?,https://finance.yahoo.com/m/7ba4c6e9-e00c-3c14-a4f5-caaf8dfbc5b9/is-tesla-stock-a-buy-or-a.html?.tsrc=rss,"Fri, 13 Dec 2024 21:06:12 +0000"
Musk Euphoria Benefits Funds,https://finance.yahoo.com/video/musk-euphoria-benefits-funds-204329682.html?.tsrc=rss,"Fri, 13 Dec 2024 20:43:29 +0000"
Tesla's Meteoric Rise: Why $1K a Share Isn't So Crazy,https://finance.yahoo.com/news/teslas-meteoric-rise-why-1k-191500862.html?.tsrc=rss,"Fri, 13 Dec 2024 19:15:00 +0000"
Fee War Kicks Off for One of Wall Street’s Hottest ETF Trades,https://finance.yahoo.com/news/fee-war-kicks-off-one-191104618.html?.tsrc=rss,"Fri, 13 Dec 2024 19:11:04 +0000"
Tesla Reaches New Highs Amid SEC Probe into Musk's Twitter Dealings,https://finance.yahoo.com/news/tesla-reaches-highs-amid-sec-183635180.html?.tsrc=rss,"Fri, 13 Dec 2024 18:36:35 +0000"
Tesla Poised to Gain as Government Considers Easing Self-Driving Reporting Rules,https://finance.yahoo.com/news/tesla-poised-gain-government-considers-182430471.html?.tsrc=rss,"Fri, 13 Dec 2024 18:24:30 +0000"
Alphabet and 9 More Stocks to Buy for 2025,https://finance.yahoo.com/m/e1f57ceb-2362-3998-a012-2bc31369581f/alphabet-and-9-more-stocks-to.html?.tsrc=rss,"Fri, 13 Dec 2024 17:24:00 +0000"
Tesla (TSLA) Named Top 2025 Pick by Morgan Stanley: AI and Renewable Energy Drive Investor Enthusiasm,https://finance.yahoo.com/news/tesla-tsla-named-top-2025-170323626.html?.tsrc=rss,"Fri, 13 Dec 2024 17:03:23 +0000"
Musk says US is demanding he pay penalty over disclosures of his Twitter stock purchases,https://finance.yahoo.com/news/musk-says-us-demanding-pay-170227719.html?.tsrc=rss,"Fri, 13 Dec 2024 17:02:27 +0000"
"Musk Ups SEC Feud Over Neuralink Probe, Twitter Claims",https://finance.yahoo.com/news/musk-ups-sec-feud-posting-025048855.html?.tsrc=rss,"Fri, 13 Dec 2024 17:02:26 +0000"
"Bill Gates Won't Go Bankrupt for Shorting Tesla, Here's The Calculation",https://finance.yahoo.com/news/bill-gates-wont-bankrupt-shorting-164028484.html?.tsrc=rss,"Fri, 13 Dec 2024 16:40:28 +0000"
Moldova declares state of emergency over fears Russian gas flows via Ukraine will stop,https://www.cnbc.com/2024/12/13/moldova-declares-state-of-emergency-over-expected-halt-to-russian-gas.html,"Fri, 13 Dec 2024 13:02:59 GMT"
"From Trump and Turkey, to Russia and Iran — Syria's regime change has huge global consequences",https://www.cnbc.com/2024/12/09/who-are-the-winners-and-losers-from-syrias-crisis.html,"Mon, 09 Dec 2024 12:42:03 GMT"
CNBC Daily Open: Political uncertainty intensifies over the weekend,https://www.cnbc.com/2024/12/09/cnbc-daily-open-political-uncertainty-intensifies-over-the-weekend-.html,"Mon, 09 Dec 2024 07:30:01 GMT"
Oil prices little changed after OPEC+ delays production increase,https://www.cnbc.com/2024/12/05/oil-prices-little-changed-after-opec-members-delay-production-increase-until-april.html,"Thu, 05 Dec 2024 20:45:38 GMT"
"CNBC Daily Open: Bitcoin dances close to $100,000 — but strategists are divided on its prospects",https://www.cnbc.com/2024/11/29/cnbc-daily-open-bitcoin-near-100000-but-strategists-are-divided.html,"Fri, 29 Nov 2024 07:30:01 GMT"
"CNBC Daily Open: Bitcoin dances close to $100,000 — and strategists are split on its ascent",https://www.cnbc.com/2024/11/29/cnbc-daily-open-bitcoin-nears-100000-but-strategists-are-split-.html,"Fri, 29 Nov 2024 05:23:49 GMT"
"Russia tries to stem panic over the plummeting ruble, as the central bank is forced to intervene",https://www.cnbc.com/2024/11/28/russia-tries-to-stem-panic-over-plummeting-ruble-central-bank-steps-in.html,"Thu, 12 Dec 2024 12:56:50 GMT"
The shipping industry is wrestling with one of its biggest challenges — seafarer shortages,https://www.cnbc.com/2024/11/27/the-shipping-industry-is-wrestling-with-one-of-its-largest-challenges.html,"Fri, 06 Dec 2024 01:06:13 GMT"
Russian food prices are soaring — but no one dares blame Putin and the war,https://www.cnbc.com/2024/11/25/russias-inflation-is-so-bad-that-people-are-stealing-butter.html,"Mon, 25 Nov 2024 14:49:39 GMT"
U.S. closes embassy in Kyiv over potential 'significant' air attack as tensions with Russia soar,https://www.cnbc.com/2024/11/20/us-closes-embassy-in-kyiv-warning-of-potential-air-attack.html,"Wed, 20 Nov 2024 17:27:34 GMT"
CNBC Daily Open: Investors prioritize Nvidia’s earnings over geopolitical risks,https://www.cnbc.com/2024/11/20/cnbc-daily-open-investors-prioritize-nvidias-earnings-over-risks-.html,"Wed, 20 Nov 2024 07:30:01 GMT"
CNBC Daily Open: Anticipation over Nvidia’s earnings overshadows geopolitical risks,https://www.cnbc.com/2024/11/20/cnbc-daily-open-anticipation-over-nvidia-overshadow-geopolitical-risk.html,"Wed, 20 Nov 2024 02:33:21 GMT"
Bitcoin rises to a new record as investors absorb growing Ukraine-Russia tensions,https://www.cnbc.com/2024/11/19/crypto-market-today.html,"Tue, 19 Nov 2024 21:15:35 GMT"
"Russia says Ukraine attacked it using U.S. long-range missiles, signals it's ready for nuclear response",https://www.cnbc.com/2024/11/19/russia-says-ukraine-attacked-it-using-us-made-missiles.html,"Tue, 19 Nov 2024 16:18:45 GMT"
"Crude oil prices steady after Ukraine hits Russia with U.S.-made, longer-range missiles",https://www.cnbc.com/2024/11/19/oil-prices-today.html,"Tue, 19 Nov 2024 20:41:25 GMT"
5 things to know before the stock market opens Tuesday,https://www.cnbc.com/2024/11/19/5-things-to-know-before-the-stock-market-opens-tuesday.html,"Tue, 19 Nov 2024 12:50:12 GMT"
Russia-U.S. tensions briefly hit global markets as Putin lowers the threshold for a nuclear strike,https://www.cnbc.com/2024/11/19/russia-us-tensions-hit-global-markets-as-putin-lowers-the-threshold-for-a-nuclear-strike.html,"Tue, 19 Nov 2024 21:29:21 GMT"
Russia warns U.S. is adding fuel to fire with long-range missile decision,https://www.cnbc.com/2024/11/18/russia-warns-us-is-adding-fuel-to-fire-with-long-range-missile-decision.html,"Tue, 19 Nov 2024 07:16:24 GMT"
Russia's top brass look for U.S. reset as Putin keeps quiet — for now,https://www.cnbc.com/2024/11/06/kremlin-says-putin-has-no-plans-to-congratulate-trump-but-reset-touted.html,"Wed, 06 Nov 2024 12:02:40 GMT"
The U.S. election is a make-or-break moment for aid to Ukraine,https://www.cnbc.com/2024/11/05/us-election-is-a-make-or-break-moment-for-ukraine-and-future-aid.html,"Tue, 05 Nov 2024 17:03:37 GMT"
European leaders breathe a sigh of relief as pro-EU candidate wins Moldova election,https://www.cnbc.com/2024/11/04/pro-western-sandu-claims-victory-in-moldova-election.html,"Mon, 04 Nov 2024 09:42:55 GMT"
Election win for Russia-friendly party in Georgia sets the stage for protests and possible violence,https://www.cnbc.com/2024/10/28/mass-protests-expected-in-georgia-after-georgian-dream-claims-victory.html,"Mon, 28 Oct 2024 11:36:35 GMT"
Elon Musk's secret talks with Putin ramped up during his Twitter takeover: WSJ report,https://www.cnbc.com/2024/10/25/elon-musk-and-putin-talks-ramped-up-during-twitter-takeover-wsj.html,"Fri, 25 Oct 2024 23:44:01 GMT"
"South and North Korea troops potentially entering Ukraine war unlikely to stoke regional conflict, analysts say",https://www.cnbc.com/2024/10/25/russia-ukraine-drawing-south-and-north-korea-troops-unlikely-to-spike-regional-conflict.html,"Fri, 25 Oct 2024 13:33:39 GMT"
Georgia's election forces voters to choose between a future with Russia or Europe,https://www.cnbc.com/2024/10/25/georgias-election-sees-voters-choose-between-russia-or-europe.html,"Fri, 25 Oct 2024 05:38:52 GMT"
"China and Russia's 'profound' ties will not change despite 'turbulent' geopolitical landscape, Xi tells Putin",https://www.cnbc.com/2024/10/23/china-russia-ties-wont-change-despite-geopolitical-turbulence-xi.html,"Wed, 23 Oct 2024 05:44:58 GMT"
Russia says it has no intention of abandoning Iran as it faces Israel's wrath,https://www.cnbc.com/2024/10/23/russia-says-it-wont-abandon-iran-as-it-faces-israels-revenge.html,"Wed, 23 Oct 2024 13:27:46 GMT"
"A 'tidal wave' of natural gas supply — the biggest yet — will reshape global markets, says RBC Capital",https://www.cnbc.com/2024/10/23/a-tidal-wave-of-lng-supply-will-reshape-global-markets-says-rbc-capital.html,"Thu, 24 Oct 2024 08:41:02 GMT"
Russia pushes 'new world order' agenda as it hosts beefed-up BRICS summit,https://www.cnbc.com/2024/10/22/russia-hosts-brics-summit-pushes-new-world-order-agenda-to-rival-west.html,"Tue, 22 Oct 2024 12:01:30 GMT"
"Russia and Europe tussle for Moldova, as just over 50% vote 'yes' on future EU membership",https://www.cnbc.com/2024/10/21/moldovas-referendum-result-shows-division-over-countrys-future.html,"Mon, 21 Oct 2024 10:53:30 GMT"
Meta Urges California Attorney General to Stop OpenAI From Becoming For-Profit,https://finance.yahoo.com/m/2bc3f1e3-154d-3028-a9f2-003afc14deca/meta-urges-california.html?.tsrc=rss,"Sat, 14 Dec 2024 01:32:00 +0000"
These factors could drive the auto industry in 2025: CarGurus analyst,https://finance.yahoo.com/video/factors-could-drive-auto-industry-223048671.html?.tsrc=rss,"Fri, 13 Dec 2024 22:30:48 +0000"
"OpenAI hits back at Elon Musk lawsuit, says he suggested for-profit entity",https://www.foxbusiness.com/technology/openai-hits-back-elon-musk-lawsuit-says-he-suggested-for-profit-entity?.tsrc=rss,"Fri, 13 Dec 2024 22:07:50 +0000"
Judge clears way for Musk appeal to try to restore $56 billion Tesla pay,https://finance.yahoo.com/news/judge-clears-way-musk-appeal-220605996.html?.tsrc=rss,"Fri, 13 Dec 2024 22:06:05 +0000"
"Market streaks, Magnificent 7 dominance, gold: Market Takeaways",https://finance.yahoo.com/video/market-streaks-magnificent-7-dominance-215817996.html?.tsrc=rss,"Fri, 13 Dec 2024 21:58:17 +0000"
Magnificent Seven Stocks: Nvidia Stock Sells Off; Tesla Rallies To New High,https://finance.yahoo.com/m/4205eaa9-f620-3a0b-a81a-0e82c7c9fd0b/magnificent-seven-stocks%3A.html?.tsrc=rss,"Fri, 13 Dec 2024 21:22:42 +0000"
Tesla stock pops as Trump may drop AV crash report rules: Reuters,https://finance.yahoo.com/video/tesla-stock-pops-trump-may-211320808.html?.tsrc=rss,"Fri, 13 Dec 2024 21:13:20 +0000"
Tesla stock rides Trump effect to all-time highs,https://finance.yahoo.com/news/tesla-stock-rides-trump-effect-to-all-time-highs-211226765.html?.tsrc=rss,"Fri, 13 Dec 2024 21:12:26 +0000"
Is Tesla Stock A Buy Or A Sell As It Hits Record High Amid 70% 'Trump Bump'?,https://finance.yahoo.com/m/7ba4c6e9-e00c-3c14-a4f5-caaf8dfbc5b9/is-tesla-stock-a-buy-or-a.html?.tsrc=rss,"Fri, 13 Dec 2024 21:06:12 +0000"
Tesla's Meteoric Rise: Why $1K a Share Isn't So Crazy,https://finance.yahoo.com/news/teslas-meteoric-rise-why-1k-191500862.html?.tsrc=rss,"Fri, 13 Dec 2024 19:15:00 +0000"
Fee War Kicks Off for One of Wall Street’s Hottest ETF Trades,https://finance.yahoo.com/news/fee-war-kicks-off-one-191104618.html?.tsrc=rss,"Fri, 13 Dec 2024 19:11:04 +0000"
Tesla Reaches New Highs Amid SEC Probe into Musk's Twitter Dealings,https://finance.yahoo.com/news/tesla-reaches-highs-amid-sec-183635180.html?.tsrc=rss,"Fri, 13 Dec 2024 18:36:35 +0000"
Tesla Poised to Gain as Government Considers Easing Self-Driving Reporting Rules,https://finance.yahoo.com/news/tesla-poised-gain-government-considers-182430471.html?.tsrc=rss,"Fri, 13 Dec 2024 18:24:30 +0000"
Tesla (TSLA) Named Top 2025 Pick by Morgan Stanley: AI and Renewable Energy Drive Investor Enthusiasm,https://finance.yahoo.com/news/tesla-tsla-named-top-2025-170323626.html?.tsrc=rss,"Fri, 13 Dec 2024 17:03:23 +0000"
"Musk Ups SEC Feud Over Neuralink Probe, Twitter Claims",https://finance.yahoo.com/news/musk-ups-sec-feud-posting-025048855.html?.tsrc=rss,"Fri, 13 Dec 2024 17:02:26 +0000"
"Bill Gates Won't Go Bankrupt for Shorting Tesla, Here's The Calculation",https://finance.yahoo.com/news/bill-gates-wont-bankrupt-shorting-164028484.html?.tsrc=rss,"Fri, 13 Dec 2024 16:40:28 +0000"
Moldova declares state of emergency over fears Russian gas flows via Ukraine will stop,https://www.cnbc.com/2024/12/13/moldova-declares-state-of-emergency-over-expected-halt-to-russian-gas.html,"Fri, 13 Dec 2024 13:02:59 GMT"
CNBC Daily Open: Political uncertainty intensifies over the weekend,https://www.cnbc.com/2024/12/09/cnbc-daily-open-political-uncertainty-intensifies-over-the-weekend-.html,"Mon, 09 Dec 2024 07:30:01 GMT"
"CNBC Daily Open: Bitcoin dances close to $100,000 — but strategists are divided on its prospects",https://www.cnbc.com/2024/11/29/cnbc-daily-open-bitcoin-near-100000-but-strategists-are-divided.html,"Fri, 29 Nov 2024 07:30:01 GMT"
"CNBC Daily Open: Bitcoin dances close to $100,000 — and strategists are split on its ascent",https://www.cnbc.com/2024/11/29/cnbc-daily-open-bitcoin-nears-100000-but-strategists-are-split-.html,"Fri, 29 Nov 2024 05:23:49 GMT"
The shipping industry is wrestling with one of its biggest challenges — seafarer shortages,https://www.cnbc.com/2024/11/27/the-shipping-industry-is-wrestling-with-one-of-its-largest-challenges.html,"Fri, 06 Dec 2024 01:06:13 GMT"
Russian food prices are soaring — but no one dares blame Putin and the war,https://www.cnbc.com/2024/11/25/russias-inflation-is-so-bad-that-people-are-stealing-butter.html,"Mon, 25 Nov 2024 14:49:39 GMT"
U.S. closes embassy in Kyiv over potential 'significant' air attack as tensions with Russia soar,https://www.cnbc.com/2024/11/20/us-closes-embassy-in-kyiv-warning-of-potential-air-attack.html,"Wed, 20 Nov 2024 17:27:34 GMT"
CNBC Daily Open: Investors prioritize Nvidia’s earnings over geopolitical risks,https://www.cnbc.com/2024/11/20/cnbc-daily-open-investors-prioritize-nvidias-earnings-over-risks-.html,"Wed, 20 Nov 2024 07:30:01 GMT"
CNBC Daily Open: Anticipation over Nvidia’s earnings overshadows geopolitical risks,https://www.cnbc.com/2024/11/20/cnbc-daily-open-anticipation-over-nvidia-overshadow-geopolitical-risk.html,"Wed, 20 Nov 2024 02:33:21 GMT"
Bitcoin rises to a new record as investors absorb growing Ukraine-Russia tensions,https://www.cnbc.com/2024/11/19/crypto-market-today.html,"Tue, 19 Nov 2024 21:15:35 GMT"
"Russia says Ukraine attacked it using U.S. long-range missiles, signals it's ready for nuclear response",https://www.cnbc.com/2024/11/19/russia-says-ukraine-attacked-it-using-us-made-missiles.html,"Tue, 19 Nov 2024 16:18:45 GMT"
"Crude oil prices steady after Ukraine hits Russia with U.S.-made, longer-range missiles",https://www.cnbc.com/2024/11/19/oil-prices-today.html,"Tue, 19 Nov 2024 20:41:25 GMT"
5 things to know before the stock market opens Tuesday,https://www.cnbc.com/2024/11/19/5-things-to-know-before-the-stock-market-opens-tuesday.html,"Tue, 19 Nov 2024 12:50:12 GMT"
Russia-U.S. tensions briefly hit global markets as Putin lowers the threshold for a nuclear strike,https://www.cnbc.com/2024/11/19/russia-us-tensions-hit-global-markets-as-putin-lowers-the-threshold-for-a-nuclear-strike.html,"Tue, 19 Nov 2024 21:29:21 GMT"
Russia warns U.S. is adding fuel to fire with long-range missile decision,https://www.cnbc.com/2024/11/18/russia-warns-us-is-adding-fuel-to-fire-with-long-range-missile-decision.html,"Tue, 19 Nov 2024 07:16:24 GMT"
The U.S. election is a make-or-break moment for aid to Ukraine,https://www.cnbc.com/2024/11/05/us-election-is-a-make-or-break-moment-for-ukraine-and-future-aid.html,"Tue, 05 Nov 2024 17:03:37 GMT"
Election win for Russia-friendly party in Georgia sets the stage for protests and possible violence,https://www.cnbc.com/2024/10/28/mass-protests-expected-in-georgia-after-georgian-dream-claims-victory.html,"Mon, 28 Oct 2024 11:36:35 GMT"
"South and North Korea troops potentially entering Ukraine war unlikely to stoke regional conflict, analysts say",https://www.cnbc.com/2024/10/25/russia-ukraine-drawing-south-and-north-korea-troops-unlikely-to-spike-regional-conflict.html,"Fri, 25 Oct 2024 13:33:39 GMT"
"A 'tidal wave' of natural gas supply — the biggest yet — will reshape global markets, says RBC Capital",https://www.cnbc.com/2024/10/23/a-tidal-wave-of-lng-supply-will-reshape-global-markets-says-rbc-capital.html,"Thu, 24 Oct 2024 08:41:02 GMT"
Meta Urges California Attorney General to Stop OpenAI From Becoming For-Profit,https://finance.yahoo.com/m/2bc3f1e3-154d-3028-a9f2-003afc14deca/meta-urges-california.html?.tsrc=rss,"Sat, 14 Dec 2024 01:32:00 +0000"
These factors could drive the auto industry in 2025: CarGurus analyst,https://finance.yahoo.com/video/factors-could-drive-auto-industry-223048671.html?.tsrc=rss,"Fri, 13 Dec 2024 22:30:48 +0000"
"OpenAI hits back at Elon Musk lawsuit, says he suggested for-profit entity",https://www.foxbusiness.com/technology/openai-hits-back-elon-musk-lawsuit-says-he-suggested-for-profit-entity?.tsrc=rss,"Fri, 13 Dec 2024 22:07:50 +0000"
Judge clears way for Musk appeal to try to restore $56 billion Tesla pay,https://finance.yahoo.com/news/judge-clears-way-musk-appeal-220605996.html?.tsrc=rss,"Fri, 13 Dec 2024 22:06:05 +0000"
"Market streaks, Magnificent 7 dominance, gold: Market Takeaways",https://finance.yahoo.com/video/market-streaks-magnificent-7-dominance-215817996.html?.tsrc=rss,"Fri, 13 Dec 2024 21:58:17 +0000"
Magnificent Seven Stocks: Nvidia Stock Sells Off; Tesla Rallies To New High,https://finance.yahoo.com/m/4205eaa9-f620-3a0b-a81a-0e82c7c9fd0b/magnificent-seven-stocks%3A.html?.tsrc=rss,"Fri, 13 Dec 2024 21:22:42 +0000"
Tesla stock pops as Trump may drop AV crash report rules: Reuters,https://finance.yahoo.com/video/tesla-stock-pops-trump-may-211320808.html?.tsrc=rss,"Fri, 13 Dec 2024 21:13:20 +0000"
Tesla stock rides Trump effect to all-time highs,https://finance.yahoo.com/news/tesla-stock-rides-trump-effect-to-all-time-highs-211226765.html?.tsrc=rss,"Fri, 13 Dec 2024 21:12:26 +0000"
Is Tesla Stock A Buy Or A Sell As It Hits Record High Amid 70% 'Trump Bump'?,https://finance.yahoo.com/m/7ba4c6e9-e00c-3c14-a4f5-caaf8dfbc5b9/is-tesla-stock-a-buy-or-a.html?.tsrc=rss,"Fri, 13 Dec 2024 21:06:12 +0000"
Tesla's Meteoric Rise: Why $1K a Share Isn't So Crazy,https://finance.yahoo.com/news/teslas-meteoric-rise-why-1k-191500862.html?.tsrc=rss,"Fri, 13 Dec 2024 19:15:00 +0000"
Fee War Kicks Off for One of Wall Street’s Hottest ETF Trades,https://finance.yahoo.com/news/fee-war-kicks-off-one-191104618.html?.tsrc=rss,"Fri, 13 Dec 2024 19:11:04 +0000"
Tesla Reaches New Highs Amid SEC Probe into Musk's Twitter Dealings,https://finance.yahoo.com/news/tesla-reaches-highs-amid-sec-183635180.html?.tsrc=rss,"Fri, 13 Dec 2024 18:36:35 +0000"
Tesla Poised to Gain as Government Considers Easing Self-Driving Reporting Rules,https://finance.yahoo.com/news/tesla-poised-gain-government-considers-182430471.html?.tsrc=rss,"Fri, 13 Dec 2024 18:24:30 +0000"
Tesla (TSLA) Named Top 2025 Pick by Morgan Stanley: AI and Renewable Energy Drive Investor Enthusiasm,https://finance.yahoo.com/news/tesla-tsla-named-top-2025-170323626.html?.tsrc=rss,"Fri, 13 Dec 2024 17:03:23 +0000"
"Musk Ups SEC Feud Over Neuralink Probe, Twitter Claims",https://finance.yahoo.com/news/musk-ups-sec-feud-posting-025048855.html?.tsrc=rss,"Fri, 13 Dec 2024 17:02:26 +0000"
"Bill Gates Won't Go Bankrupt for Shorting Tesla, Here's The Calculation",https://finance.yahoo.com/news/bill-gates-wont-bankrupt-shorting-164028484.html?.tsrc=rss,"Fri, 13 Dec 2024 16:40:28 +0000"
Moldova declares state of emergency over fears Russian gas flows via Ukraine will stop,https://www.cnbc.com/2024/12/13/moldova-declares-state-of-emergency-over-expected-halt-to-russian-gas.html,"Fri, 13 Dec 2024 13:02:59 GMT"
CNBC Daily Open: Political uncertainty intensifies over the weekend,https://www.cnbc.com/2024/12/09/cnbc-daily-open-political-uncertainty-intensifies-over-the-weekend-.html,"Mon, 09 Dec 2024 07:30:01 GMT"
"CNBC Daily Open: Bitcoin dances close to $100,000 — but strategists are divided on its prospects",https://www.cnbc.com/2024/11/29/cnbc-daily-open-bitcoin-near-100000-but-strategists-are-divided.html,"Fri, 29 Nov 2024 07:30:01 GMT"
"CNBC Daily Open: Bitcoin dances close to $100,000 — and strategists are split on its ascent",https://www.cnbc.com/2024/11/29/cnbc-daily-open-bitcoin-nears-100000-but-strategists-are-split-.html,"Fri, 29 Nov 2024 05:23:49 GMT"
The shipping industry is wrestling with one of its biggest challenges — seafarer shortages,https://www.cnbc.com/2024/11/27/the-shipping-industry-is-wrestling-with-one-of-its-largest-challenges.html,"Fri, 06 Dec 2024 01:06:13 GMT"
Russian food prices are soaring — but no one dares blame Putin and the war,https://www.cnbc.com/2024/11/25/russias-inflation-is-so-bad-that-people-are-stealing-butter.html,"Mon, 25 Nov 2024 14:49:39 GMT"
U.S. closes embassy in Kyiv over potential 'significant' air attack as tensions with Russia soar,https://www.cnbc.com/2024/11/20/us-closes-embassy-in-kyiv-warning-of-potential-air-attack.html,"Wed, 20 Nov 2024 17:27:34 GMT"
CNBC Daily Open: Investors prioritize Nvidia’s earnings over geopolitical risks,https://www.cnbc.com/2024/11/20/cnbc-daily-open-investors-prioritize-nvidias-earnings-over-risks-.html,"Wed, 20 Nov 2024 07:30:01 GMT"
CNBC Daily Open: Anticipation over Nvidia’s earnings overshadows geopolitical risks,https://www.cnbc.com/2024/11/20/cnbc-daily-open-anticipation-over-nvidia-overshadow-geopolitical-risk.html,"Wed, 20 Nov 2024 02:33:21 GMT"
Bitcoin rises to a new record as investors absorb growing Ukraine-Russia tensions,https://www.cnbc.com/2024/11/19/crypto-market-today.html,"Tue, 19 Nov 2024 21:15:35 GMT"
"Russia says Ukraine attacked it using U.S. long-range missiles, signals it's ready for nuclear response",https://www.cnbc.com/2024/11/19/russia-says-ukraine-attacked-it-using-us-made-missiles.html,"Tue, 19 Nov 2024 16:18:45 GMT"
"Crude oil prices steady after Ukraine hits Russia with U.S.-made, longer-range missiles",https://www.cnbc.com/2024/11/19/oil-prices-today.html,"Tue, 19 Nov 2024 20:41:25 GMT"
5 things to know before the stock market opens Tuesday,https://www.cnbc.com/2024/11/19/5-things-to-know-before-the-stock-market-opens-tuesday.html,"Tue, 19 Nov 2024 12:50:12 GMT"
Russia-U.S. tensions briefly hit global markets as Putin lowers the threshold for a nuclear strike,https://www.cnbc.com/2024/11/19/russia-us-tensions-hit-global-markets-as-putin-lowers-the-threshold-for-a-nuclear-strike.html,"Tue, 19 Nov 2024 21:29:21 GMT"
Russia warns U.S. is adding fuel to fire with long-range missile decision,https://www.cnbc.com/2024/11/18/russia-warns-us-is-adding-fuel-to-fire-with-long-range-missile-decision.html,"Tue, 19 Nov 2024 07:16:24 GMT"
The U.S. election is a make-or-break moment for aid to Ukraine,https://www.cnbc.com/2024/11/05/us-election-is-a-make-or-break-moment-for-ukraine-and-future-aid.html,"Tue, 05 Nov 2024 17:03:37 GMT"
Election win for Russia-friendly party in Georgia sets the stage for protests and possible violence,https://www.cnbc.com/2024/10/28/mass-protests-expected-in-georgia-after-georgian-dream-claims-victory.html,"Mon, 28 Oct 2024 11:36:35 GMT"
"South and North Korea troops potentially entering Ukraine war unlikely to stoke regional conflict, analysts say",https://www.cnbc.com/2024/10/25/russia-ukraine-drawing-south-and-north-korea-troops-unlikely-to-spike-regional-conflict.html,"Fri, 25 Oct 2024 13:33:39 GMT"
"A 'tidal wave' of natural gas supply — the biggest yet — will reshape global markets, says RBC Capital",https://www.cnbc.com/2024/10/23/a-tidal-wave-of-lng-supply-will-reshape-global-markets-says-rbc-capital.html,"Thu, 24 Oct 2024 08:41:02 GMT"
Meta Urges California Attorney General to Stop OpenAI From Becoming For-Profit,https://finance.yahoo.com/m/2bc3f1e3-154d-3028-a9f2-003afc14deca/meta-urges-california.html?.tsrc=rss,"Sat, 14 Dec 2024 01:32:00 +0000"
These factors could drive the auto industry in 2025: CarGurus analyst,https://finance.yahoo.com/video/factors-could-drive-auto-industry-223048671.html?.tsrc=rss,"Fri, 13 Dec 2024 22:30:48 +0000"
"OpenAI hits back at Elon Musk lawsuit, says he suggested for-profit entity",https://www.foxbusiness.com/technology/openai-hits-back-elon-musk-lawsuit-says-he-suggested-for-profit-entity?.tsrc=rss,"Fri, 13 Dec 2024 22:07:50 +0000"
Judge clears way for Musk appeal to try to restore $56 billion Tesla pay,https://finance.yahoo.com/news/judge-clears-way-musk-appeal-220605996.html?.tsrc=rss,"Fri, 13 Dec 2024 22:06:05 +0000"
"Market streaks, Magnificent 7 dominance, gold: Market Takeaways",https://finance.yahoo.com/video/market-streaks-magnificent-7-dominance-215817996.html?.tsrc=rss,"Fri, 13 Dec 2024 21:58:17 +0000"
Magnificent Seven Stocks: Nvidia Stock Sells Off; Tesla Rallies To New High,https://finance.yahoo.com/m/4205eaa9-f620-3a0b-a81a-0e82c7c9fd0b/magnificent-seven-stocks%3A.html?.tsrc=rss,"Fri, 13 Dec 2024 21:22:42 +0000"
Is Rivian Stock A Buy Or A Sell Amid 40% Rally Since $6.6 Billion Government Loan?,https://finance.yahoo.com/m/266505ad-eab7-3ed6-8eba-7ebf32da2e4c/is-rivian-stock-a-buy-or-a.html?.tsrc=rss,"Fri, 13 Dec 2024 21:14:36 +0000"
Tesla stock pops as Trump may drop AV crash report rules: Reuters,https://finance.yahoo.com/video/tesla-stock-pops-trump-may-211320808.html?.tsrc=rss,"Fri, 13 Dec 2024 21:13:20 +0000"
Tesla stock rides Trump effect to all-time highs,https://finance.yahoo.com/news/tesla-stock-rides-trump-effect-to-all-time-highs-211226765.html?.tsrc=rss,"Fri, 13 Dec 2024 21:12:26 +0000"
Is Tesla Stock A Buy Or A Sell As It Hits Record High Amid 70% 'Trump Bump'?,https://finance.yahoo.com/m/7ba4c6e9-e00c-3c14-a4f5-caaf8dfbc5b9/is-tesla-stock-a-buy-or-a.html?.tsrc=rss,"Fri, 13 Dec 2024 21:06:12 +0000"
Musk Euphoria Benefits Funds,https://finance.yahoo.com/video/musk-euphoria-benefits-funds-204329682.html?.tsrc=rss,"Fri, 13 Dec 2024 20:43:29 +0000"
Tesla's Meteoric Rise: Why $1K a Share Isn't So Crazy,https://finance.yahoo.com/news/teslas-meteoric-rise-why-1k-191500862.html?.tsrc=rss,"Fri, 13 Dec 2024 19:15:00 +0000"
Fee War Kicks Off for One of Wall Street’s Hottest ETF Trades,https://finance.yahoo.com/news/fee-war-kicks-off-one-191104618.html?.tsrc=rss,"Fri, 13 Dec 2024 19:11:04 +0000"
Tesla Reaches New Highs Amid SEC Probe into Musk's Twitter Dealings,https://finance.yahoo.com/news/tesla-reaches-highs-amid-sec-183635180.html?.tsrc=rss,"Fri, 13 Dec 2024 18:36:35 +0000"
Tesla Poised to Gain as Government Considers Easing Self-Driving Reporting Rules,https://finance.yahoo.com/news/tesla-poised-gain-government-considers-182430471.html?.tsrc=rss,"Fri, 13 Dec 2024 18:24:30 +0000"
Alphabet and 9 More Stocks to Buy for 2025,https://finance.yahoo.com/m/e1f57ceb-2362-3998-a012-2bc31369581f/alphabet-and-9-more-stocks-to.html?.tsrc=rss,"Fri, 13 Dec 2024 17:24:00 +0000"
Tesla (TSLA) Named Top 2025 Pick by Morgan Stanley: AI and Renewable Energy Drive Investor Enthusiasm,https://finance.yahoo.com/news/tesla-tsla-named-top-2025-170323626.html?.tsrc=rss,"Fri, 13 Dec 2024 17:03:23 +0000"
Musk says US is demanding he pay penalty over disclosures of his Twitter stock purchases,https://finance.yahoo.com/news/musk-says-us-demanding-pay-170227719.html?.tsrc=rss,"Fri, 13 Dec 2024 17:02:27 +0000"
"Musk Ups SEC Feud Over Neuralink Probe, Twitter Claims",https://finance.yahoo.com/news/musk-ups-sec-feud-posting-025048855.html?.tsrc=rss,"Fri, 13 Dec 2024 17:02:26 +0000"
"Bill Gates Won't Go Bankrupt for Shorting Tesla, Here's The Calculation",https://finance.yahoo.com/news/bill-gates-wont-bankrupt-shorting-164028484.html?.tsrc=rss,"Fri, 13 Dec 2024 16:40:28 +0000"
Moldova declares state of emergency over fears Russian gas flows via Ukraine will stop,https://www.cnbc.com/2024/12/13/moldova-declares-state-of-emergency-over-expected-halt-to-russian-gas.html,"Fri, 13 Dec 2024 13:02:59 GMT"
"From Trump and Turkey, to Russia and Iran — Syria's regime change has huge global consequences",https://www.cnbc.com/2024/12/09/who-are-the-winners-and-losers-from-syrias-crisis.html,"Mon, 09 Dec 2024 12:42:03 GMT"
CNBC Daily Open: Political uncertainty intensifies over the weekend,https://www.cnbc.com/2024/12/09/cnbc-daily-open-political-uncertainty-intensifies-over-the-weekend-.html,"Mon, 09 Dec 2024 07:30:01 GMT"
Oil prices little changed after OPEC+ delays production increase,https://www.cnbc.com/2024/12/05/oil-prices-little-changed-after-opec-members-delay-production-increase-until-april.html,"Thu, 05 Dec 2024 20:45:38 GMT"
"CNBC Daily Open: Bitcoin dances close to $100,000 — but strategists are divided on its prospects",https://www.cnbc.com/2024/11/29/cnbc-daily-open-bitcoin-near-100000-but-strategists-are-divided.html,"Fri, 29 Nov 2024 07:30:01 GMT"
"CNBC Daily Open: Bitcoin dances close to $100,000 — and strategists are split on its ascent",https://www.cnbc.com/2024/11/29/cnbc-daily-open-bitcoin-nears-100000-but-strategists-are-split-.html,"Fri, 29 Nov 2024 05:23:49 GMT"
"Russia tries to stem panic over the plummeting ruble, as the central bank is forced to intervene",https://www.cnbc.com/2024/11/28/russia-tries-to-stem-panic-over-plummeting-ruble-central-bank-steps-in.html,"Thu, 12 Dec 2024 12:56:50 GMT"
The shipping industry is wrestling with one of its biggest challenges — seafarer shortages,https://www.cnbc.com/2024/11/27/the-shipping-industry-is-wrestling-with-one-of-its-largest-challenges.html,"Fri, 06 Dec 2024 01:06:13 GMT"
Russian food prices are soaring — but no one dares blame Putin and the war,https://www.cnbc.com/2024/11/25/russias-inflation-is-so-bad-that-people-are-stealing-butter.html,"Mon, 25 Nov 2024 14:49:39 GMT"
U.S. closes embassy in Kyiv over potential 'significant' air attack as tensions with Russia soar,https://www.cnbc.com/2024/11/20/us-closes-embassy-in-kyiv-warning-of-potential-air-attack.html,"Wed, 20 Nov 2024 17:27:34 GMT"
CNBC Daily Open: Investors prioritize Nvidia’s earnings over geopolitical risks,https://www.cnbc.com/2024/11/20/cnbc-daily-open-investors-prioritize-nvidias-earnings-over-risks-.html,"Wed, 20 Nov 2024 07:30:01 GMT"
CNBC Daily Open: Anticipation over Nvidia’s earnings overshadows geopolitical risks,https://www.cnbc.com/2024/11/20/cnbc-daily-open-anticipation-over-nvidia-overshadow-geopolitical-risk.html,"Wed, 20 Nov 2024 02:33:21 GMT"
Bitcoin rises to a new record as investors absorb growing Ukraine-Russia tensions,https://www.cnbc.com/2024/11/19/crypto-market-today.html,"Tue, 19 Nov 2024 21:15:35 GMT"
"Russia says Ukraine attacked it using U.S. long-range missiles, signals it's ready for nuclear response",https://www.cnbc.com/2024/11/19/russia-says-ukraine-attacked-it-using-us-made-missiles.html,"Tue, 19 Nov 2024 16:18:45 GMT"
"Crude oil prices steady after Ukraine hits Russia with U.S.-made, longer-range missiles",https://www.cnbc.com/2024/11/19/oil-prices-today.html,"Tue, 19 Nov 2024 20:41:25 GMT"
5 things to know before the stock market opens Tuesday,https://www.cnbc.com/2024/11/19/5-things-to-know-before-the-stock-market-opens-tuesday.html,"Tue, 19 Nov 2024 12:50:12 GMT"
Russia-U.S. tensions briefly hit global markets as Putin lowers the threshold for a nuclear strike,https://www.cnbc.com/2024/11/19/russia-us-tensions-hit-global-markets-as-putin-lowers-the-threshold-for-a-nuclear-strike.html,"Tue, 19 Nov 2024 21:29:21 GMT"
Russia warns U.S. is adding fuel to fire with long-range missile decision,https://www.cnbc.com/2024/11/18/russia-warns-us-is-adding-fuel-to-fire-with-long-range-missile-decision.html,"Tue, 19 Nov 2024 07:16:24 GMT"
Russia's top brass look for U.S. reset as Putin keeps quiet — for now,https://www.cnbc.com/2024/11/06/kremlin-says-putin-has-no-plans-to-congratulate-trump-but-reset-touted.html,"Wed, 06 Nov 2024 12:02:40 GMT"
The U.S. election is a make-or-break moment for aid to Ukraine,https://www.cnbc.com/2024/11/05/us-election-is-a-make-or-break-moment-for-ukraine-and-future-aid.html,"Tue, 05 Nov 2024 17:03:37 GMT"
European leaders breathe a sigh of relief as pro-EU candidate wins Moldova election,https://www.cnbc.com/2024/11/04/pro-western-sandu-claims-victory-in-moldova-election.html,"Mon, 04 Nov 2024 09:42:55 GMT"
Election win for Russia-friendly party in Georgia sets the stage for protests and possible violence,https://www.cnbc.com/2024/10/28/mass-protests-expected-in-georgia-after-georgian-dream-claims-victory.html,"Mon, 28 Oct 2024 11:36:35 GMT"
Elon Musk's secret talks with Putin ramped up during his Twitter takeover: WSJ report,https://www.cnbc.com/2024/10/25/elon-musk-and-putin-talks-ramped-up-during-twitter-takeover-wsj.html,"Fri, 25 Oct 2024 23:44:01 GMT"
"South and North Korea troops potentially entering Ukraine war unlikely to stoke regional conflict, analysts say",https://www.cnbc.com/2024/10/25/russia-ukraine-drawing-south-and-north-korea-troops-unlikely-to-spike-regional-conflict.html,"Fri, 25 Oct 2024 13:33:39 GMT"
Georgia's election forces voters to choose between a future with Russia or Europe,https://www.cnbc.com/2024/10/25/georgias-election-sees-voters-choose-between-russia-or-europe.html,"Fri, 25 Oct 2024 05:38:52 GMT"
"China and Russia's 'profound' ties will not change despite 'turbulent' geopolitical landscape, Xi tells Putin",https://www.cnbc.com/2024/10/23/china-russia-ties-wont-change-despite-geopolitical-turbulence-xi.html,"Wed, 23 Oct 2024 05:44:58 GMT"
Russia says it has no intention of abandoning Iran as it faces Israel's wrath,https://www.cnbc.com/2024/10/23/russia-says-it-wont-abandon-iran-as-it-faces-israels-revenge.html,"Wed, 23 Oct 2024 13:27:46 GMT"
"A 'tidal wave' of natural gas supply — the biggest yet — will reshape global markets, says RBC Capital",https://www.cnbc.com/2024/10/23/a-tidal-wave-of-lng-supply-will-reshape-global-markets-says-rbc-capital.html,"Thu, 24 Oct 2024 08:41:02 GMT"
Russia pushes 'new world order' agenda as it hosts beefed-up BRICS summit,https://www.cnbc.com/2024/10/22/russia-hosts-brics-summit-pushes-new-world-order-agenda-to-rival-west.html,"Tue, 22 Oct 2024 12:01:30 GMT"
"Russia and Europe tussle for Moldova, as just over 50% vote 'yes' on future EU membership",https://www.cnbc.com/2024/10/21/moldovas-referendum-result-shows-division-over-countrys-future.html,"Mon, 21 Oct 2024 10:53:30 GMT"
